mAP50,mAP50-95,Precision,Recall,F1_Score
0.8489251104058249,0.3636847338452054,0.8409202904059341,0.8344370860927153,0.8376661440785238
